Category,Name,MigratedNodeCount,NodeCount,File,Line,Column
Unit,D:\WebMAP\tmp\SKS_Winform\Upgraded\modMain.cs,0,1,D:\WebMAP\tmp\SKS_Winform\Upgraded\modMain.cs,0,0
Unit,D:\WebMAP\tmp\SKS_Winform\Upgraded\modConnection.cs,0,1,D:\WebMAP\tmp\SKS_Winform\Upgraded\modConnection.cs,0,0
Unit,D:\WebMAP\tmp\SKS_Winform\Upgraded\modFunctions.cs,0,1,D:\WebMAP\tmp\SKS_Winform\Upgraded\modFunctions.cs,0,0
Unit,D:\WebMAP\tmp\SKS_Winform\Upgraded\frmSplash.Designer.cs,0,1,D:\WebMAP\tmp\SKS_Winform\Upgraded\frmSplash.Designer.cs,0,0
Unit,D:\WebMAP\tmp\SKS_Winform\Upgraded\frmOrderAproval.Designer.cs,0,1,D:\WebMAP\tmp\SKS_Winform\Upgraded\frmOrderAproval.Designer.cs,0,0
Unit,D:\WebMAP\tmp\SKS_Winform\Upgraded\frmOrderReception.Designer.cs,0,1,D:\WebMAP\tmp\SKS_Winform\Upgraded\frmOrderReception.Designer.cs,0,0
Unit,D:\WebMAP\tmp\SKS_Winform\Upgraded\frmActionOrderReception.Designer.cs,0,1,D:\WebMAP\tmp\SKS_Winform\Upgraded\frmActionOrderReception.Designer.cs,0,0
Unit,D:\WebMAP\tmp\SKS_Winform\Upgraded\frmActionOrderRequest.Designer.cs,0,1,D:\WebMAP\tmp\SKS_Winform\Upgraded\frmActionOrderRequest.Designer.cs,0,0
Unit,D:\WebMAP\tmp\SKS_Winform\Upgraded\frmOrderReception.cs,0,1,D:\WebMAP\tmp\SKS_Winform\Upgraded\frmOrderReception.cs,0,0
Unit,D:\WebMAP\tmp\SKS_Winform\Upgraded\frmRequestAproval.cs,0,1,D:\WebMAP\tmp\SKS_Winform\Upgraded\frmRequestAproval.cs,0,0
Unit,D:\WebMAP\tmp\SKS_Winform\Upgraded\frmAddProductTo.cs,0,1,D:\WebMAP\tmp\SKS_Winform\Upgraded\frmAddProductTo.cs,0,0
Unit,D:\WebMAP\tmp\SKS_Winform\Upgraded\frmActionOrderRequest.cs,0,1,D:\WebMAP\tmp\SKS_Winform\Upgraded\frmActionOrderRequest.cs,0,0
Unit,D:\WebMAP\tmp\SKS_Winform\Upgraded\frmActionOrderReception.cs,0,1,D:\WebMAP\tmp\SKS_Winform\Upgraded\frmActionOrderReception.cs,0,0
Unit,D:\WebMAP\tmp\SKS_Winform\Upgraded\frmSplash.cs,0,1,D:\WebMAP\tmp\SKS_Winform\Upgraded\frmSplash.cs,0,0
Unit,D:\WebMAP\tmp\SKS_Winform\Upgraded\frmRequestAproval.Designer.cs,0,1,D:\WebMAP\tmp\SKS_Winform\Upgraded\frmRequestAproval.Designer.cs,0,0
Unit,D:\WebMAP\tmp\SKS_Winform\Upgraded\frmOrderAproval.cs,0,1,D:\WebMAP\tmp\SKS_Winform\Upgraded\frmOrderAproval.cs,0,0
Unit,D:\WebMAP\tmp\SKS_Winform\Upgraded\frmAddProductTo.Designer.cs,0,1,D:\WebMAP\tmp\SKS_Winform\Upgraded\frmAddProductTo.Designer.cs,0,0
Unit,D:\WebMAP\tmp\SKS_Winform\Upgraded\frmCustomers.cs,0,1,D:\WebMAP\tmp\SKS_Winform\Upgraded\frmCustomers.cs,0,0
Unit,D:\WebMAP\tmp\SKS_Winform\Upgraded\frmSearch.cs,0,1,D:\WebMAP\tmp\SKS_Winform\Upgraded\frmSearch.cs,0,0
Unit,D:\WebMAP\tmp\SKS_Winform\Upgraded\frmUsersManage.cs,0,1,D:\WebMAP\tmp\SKS_Winform\Upgraded\frmUsersManage.cs,0,0
Unit,D:\WebMAP\tmp\SKS_Winform\Upgraded\frmUsersManage.Designer.cs,0,1,D:\WebMAP\tmp\SKS_Winform\Upgraded\frmUsersManage.Designer.cs,0,0
Unit,D:\WebMAP\tmp\SKS_Winform\Upgraded\frmProviders.cs,0,1,D:\WebMAP\tmp\SKS_Winform\Upgraded\frmProviders.cs,0,0
Unit,D:\WebMAP\tmp\SKS_Winform\Upgraded\frmSearch.Designer.cs,0,1,D:\WebMAP\tmp\SKS_Winform\Upgraded\frmSearch.Designer.cs,0,0
Unit,D:\WebMAP\tmp\SKS_Winform\Upgraded\frmAddStockManual.cs,0,1,D:\WebMAP\tmp\SKS_Winform\Upgraded\frmAddStockManual.cs,0,0
Unit,D:\WebMAP\tmp\SKS_Winform\Upgraded\frmProducts.Designer.cs,0,1,D:\WebMAP\tmp\SKS_Winform\Upgraded\frmProducts.Designer.cs,0,0
Unit,D:\WebMAP\tmp\SKS_Winform\Upgraded\frmAddStockManual.Designer.cs,0,1,D:\WebMAP\tmp\SKS_Winform\Upgraded\frmAddStockManual.Designer.cs,0,0
Unit,D:\WebMAP\tmp\SKS_Winform\Upgraded\frmAdjustStockManual.cs,0,1,D:\WebMAP\tmp\SKS_Winform\Upgraded\frmAdjustStockManual.cs,0,0
Unit,D:\WebMAP\tmp\SKS_Winform\Upgraded\frmProducts.cs,0,1,D:\WebMAP\tmp\SKS_Winform\Upgraded\frmProducts.cs,0,0
Unit,D:\WebMAP\tmp\SKS_Winform\Upgraded\frmProviders.Designer.cs,0,1,D:\WebMAP\tmp\SKS_Winform\Upgraded\frmProviders.Designer.cs,0,0
Unit,D:\WebMAP\tmp\SKS_Winform\Upgraded\frmCustomers.Designer.cs,0,1,D:\WebMAP\tmp\SKS_Winform\Upgraded\frmCustomers.Designer.cs,0,0
Unit,D:\WebMAP\tmp\SKS_Winform\Upgraded\frmAdjustStockManual.Designer.cs,0,1,D:\WebMAP\tmp\SKS_Winform\Upgraded\frmAdjustStockManual.Designer.cs,0,0
Unit,D:\WebMAP\tmp\SKS_Winform\Upgraded\frmOrderRequest.Designer.cs,0,1,D:\WebMAP\tmp\SKS_Winform\Upgraded\frmOrderRequest.Designer.cs,0,0
Unit,D:\WebMAP\tmp\SKS_Winform\Upgraded\frmOrderRequest.cs,0,1,D:\WebMAP\tmp\SKS_Winform\Upgraded\frmOrderRequest.cs,0,0
Unit,D:\WebMAP\tmp\SKS_Winform\Upgraded\frmLogin.Designer.cs,0,1,D:\WebMAP\tmp\SKS_Winform\Upgraded\frmLogin.Designer.cs,0,0
Unit,D:\WebMAP\tmp\SKS_Winform\Upgraded\frmMain.Designer.cs,0,1,D:\WebMAP\tmp\SKS_Winform\Upgraded\frmMain.Designer.cs,0,0
Unit,D:\WebMAP\tmp\SKS_Winform\Upgraded\frmLogin.cs,0,1,D:\WebMAP\tmp\SKS_Winform\Upgraded\frmLogin.cs,0,0
Unit,D:\WebMAP\tmp\SKS_Winform\Upgraded\frmAbout.cs,0,1,D:\WebMAP\tmp\SKS_Winform\Upgraded\frmAbout.cs,0,0
Unit,D:\WebMAP\tmp\SKS_Winform\Upgraded\frmMain.cs,0,1,D:\WebMAP\tmp\SKS_Winform\Upgraded\frmMain.cs,0,0
Unit,D:\WebMAP\tmp\SKS_Winform\Upgraded\Properties\AssemblyInfo.cs,0,1,D:\WebMAP\tmp\SKS_Winform\Upgraded\Properties\AssemblyInfo.cs,0,0
Unit,D:\WebMAP\tmp\SKS_Winform\Upgraded\frmAbout.Designer.cs,0,1,D:\WebMAP\tmp\SKS_Winform\Upgraded\frmAbout.Designer.cs,0,0
